date,temperature,humidity,moisture,rainfall
2026-02-19 15:41:54.971379,25.5,50.7,42.7,0.59
2026-02-19 15:41:57.978039,24.7,61.3,36.3,3.7
2026-02-19 15:42:00.984881,25.9,51.1,38.8,4.38
2026-02-19 15:42:03.992024,24.0,68.8,48.5,3.19
2026-02-19 15:42:06.995292,23.4,59.5,40.6,4.45
2026-02-19 15:42:10.000684,23.0,66.5,38.6,4.5
2026-02-19 15:42:13.007028,23.8,69.5,46.3,2.58
2026-02-19 15:42:16.011876,25.2,54.8,46.7,3.83
2026-02-19 15:42:19.017376,23.3,53.1,49.3,3.68
2026-02-19 15:42:22.021437,25.6,50.5,35.0,1.9
2026-02-19 15:42:25.027108,23.1,52.9,55.4,1.77
2026-02-19 15:42:28.034791,24.6,65.1,51.5,1.25
2026-02-19 15:42:31.045385,23.1,50.9,30.7,1.34
2026-02-19 15:42:34.050344,23.6,59.0,50.8,1.38
2026-02-19 15:42:37.058712,24.2,60.6,41.9,1.61
2026-02-19 15:42:40.088511,25.3,57.6,55.5,1.59
2026-02-19 15:42:43.091786,23.1,52.3,36.7,4.28
2026-02-19 15:42:46.095273,24.0,69.8,59.0,2.46
2026-02-19 15:42:49.099363,23.3,69.7,55.8,1.42
2026-02-19 15:42:52.102842,24.3,69.6,43.0,3.94
2026-02-19 15:42:55.108184,26.9,53.6,30.5,4.18
2026-02-19 15:42:58.113069,23.7,62.1,57.5,1.51
2026-02-19 15:43:01.118397,23.9,58.3,31.9,2.07
2026-02-19 15:43:04.122479,24.6,52.6,56.8,1.87
2026-02-19 15:43:07.127725,26.5,62.7,43.0,0.72
2026-02-19 15:43:10.131568,24.5,57.7,59.1,4.9
2026-02-19 15:43:13.135340,23.8,67.3,52.0,3.82
2026-02-19 15:43:16.139861,27.0,54.4,33.8,2.88
2026-02-19 15:43:19.143349,25.1,67.5,31.0,2.04
2026-02-19 15:43:22.148443,23.5,63.6,36.6,2.75
2026-02-19 15:43:25.153247,24.8,62.6,54.1,1.14
2026-02-19 15:43:28.156375,25.0,68.8,31.7,1.66
2026-02-19 15:43:31.170850,24.8,55.4,42.1,2.18
2026-02-19 15:43:34.176097,23.8,61.1,34.6,4.61
2026-02-19 15:43:37.179949,25.0,52.8,46.4,3.6
2026-02-19 15:43:40.184963,25.6,58.9,47.5,1.17
2026-02-19 15:43:43.189247,25.2,53.5,57.7,2.52
2026-02-19 15:43:46.193071,26.1,56.5,50.0,2.67
2026-02-19 15:43:49.197035,25.3,68.6,31.6,2.03
2026-02-19 15:43:52.200481,23.5,65.0,32.0,4.82
2026-02-19 15:43:55.204219,26.1,60.0,43.2,1.65
2026-02-19 15:43:58.207282,25.2,60.8,33.2,0.68
2026-02-19 15:44:01.210558,24.8,63.4,47.0,2.09
2026-02-19 15:44:04.216815,25.3,52.4,48.2,2.93
2026-02-19 15:44:07.219466,24.2,65.2,39.6,4.21
2026-02-19 15:44:10.224499,25.8,67.2,35.8,3.5
2026-02-19 15:44:13.228349,23.7,62.6,58.7,3.82
2026-02-19 15:44:16.231403,24.4,63.9,47.8,2.62
2026-02-19 15:44:19.237043,23.9,56.2,53.3,2.28
2026-02-19 15:44:22.240619,23.5,68.1,43.7,0.99
2026-02-19 15:44:25.245004,26.7,67.1,57.3,1.47
2026-02-19 15:44:28.249466,25.6,51.0,35.6,3.63
2026-02-19 15:44:31.253748,24.5,68.6,42.0,3.19
2026-02-19 15:44:34.256423,25.8,53.6,52.0,1.64
2026-02-19 15:44:37.260156,23.7,66.2,50.5,2.6
2026-02-19 15:44:40.262871,23.3,61.3,36.4,0.79
2026-02-19 15:44:43.266332,26.3,64.4,57.3,3.84
2026-02-19 15:44:46.268700,24.0,58.6,33.3,1.76
2026-02-19 15:44:49.272395,24.8,53.1,55.8,2.89
2026-02-19 15:44:52.275060,24.7,59.7,50.0,4.67
2026-02-19 15:44:55.279838,26.7,51.6,50.7,1.79
2026-02-19 15:44:58.283395,25.1,50.2,47.8,1.14
2026-02-19 15:45:01.287095,25.5,58.5,59.5,3.23
2026-02-19 15:45:04.290187,25.7,52.9,34.2,3.05
2026-02-19 15:45:07.293097,23.7,62.1,40.1,3.01
2026-02-19 15:45:10.296943,24.5,51.8,36.3,2.02
2026-02-19 15:45:13.301153,24.3,52.8,32.9,3.62
2026-02-19 15:45:16.305167,25.8,57.1,49.2,2.21
2026-02-19 15:45:19.309108,25.1,60.7,30.4,1.06
2026-02-19 15:45:22.312914,26.5,60.0,56.4,0.72
2026-02-19 15:45:25.317894,26.8,61.2,40.6,4.22
2026-02-19 15:45:28.322800,25.4,52.6,40.5,2.95
2026-02-19 15:45:31.327714,25.4,50.5,58.2,2.26
2026-02-19 15:45:34.331233,24.7,57.5,40.7,2.04
2026-02-19 15:45:37.335725,24.1,59.7,42.4,1.77
2026-02-19 15:45:40.341622,23.2,54.8,55.6,2.91
2026-02-19 15:45:43.344624,23.8,53.2,31.8,1.5
2026-02-19 15:45:46.383614,25.0,51.0,56.3,0.84
2026-02-19 15:45:49.391226,25.0,51.4,35.4,1.06
2026-02-19 15:45:52.395614,23.2,61.0,44.0,0.67
2026-02-19 15:45:55.399252,23.4,68.9,45.1,0.86
2026-02-19 15:45:58.403236,23.9,57.4,40.3,3.69
2026-02-19 15:46:01.407412,23.6,68.7,45.0,4.0
2026-02-19 15:46:04.410509,25.7,54.1,33.0,4.12
2026-02-19 15:46:07.413463,26.2,65.3,54.6,4.9
2026-02-19 15:46:10.416396,24.8,68.6,34.7,1.23
2026-02-19 15:46:13.420596,26.1,63.7,57.9,2.03
2026-02-19 15:46:16.424623,24.8,67.5,53.3,3.81
2026-02-19 15:46:19.428736,23.0,69.4,50.8,0.68
2026-02-19 15:46:22.431996,26.0,57.0,53.4,1.75
2026-02-19 15:46:25.436291,25.4,65.7,43.8,4.78
2026-02-19 15:46:28.439930,27.0,65.3,35.8,3.37
2026-02-19 15:46:31.444619,23.0,59.5,40.1,4.25
2026-02-19 15:46:34.450335,24.8,65.3,31.2,3.88
2026-02-19 15:46:37.455853,26.8,68.1,48.2,1.11
2026-02-19 15:46:40.461860,23.3,59.7,58.1,1.49
2026-02-19 15:46:43.466433,26.5,50.5,32.1,2.03
2026-02-19 15:46:46.469288,26.9,58.3,54.2,3.54
2026-02-19 15:46:49.473868,25.4,51.9,56.8,4.03
2026-02-19 15:46:52.481170,23.2,58.0,51.8,4.84
2026-02-19 15:46:55.485541,24.0,58.9,47.1,1.63
2026-02-19 15:46:58.488894,23.8,56.6,48.5,4.84
2026-02-19 15:47:01.493497,25.0,61.7,37.5,3.99
2026-02-19 15:47:04.499149,23.1,57.8,39.7,2.43
2026-02-19 15:47:07.502439,26.3,54.6,49.0,2.69
2026-02-19 15:47:10.506753,25.9,60.9,50.0,1.49
2026-02-19 15:47:13.512219,24.3,58.0,31.1,1.48
2026-02-19 15:47:16.517865,23.0,59.0,36.1,3.92
2026-02-19 15:47:19.522578,24.5,53.9,35.3,1.01
2026-02-19 15:47:22.525915,23.0,68.3,31.0,2.21
2026-02-19 15:47:25.530103,26.5,62.0,56.6,0.97
2026-02-19 15:47:28.536117,24.9,63.8,42.5,0.86
2026-02-19 15:47:31.542449,27.0,66.8,37.8,2.73
2026-02-19 15:47:34.546163,23.8,67.3,55.4,1.3
2026-02-19 15:47:37.549028,24.7,64.5,49.7,1.16
2026-02-19 15:47:40.552689,23.7,65.1,51.4,4.67
2026-02-19 15:47:43.555748,25.6,56.8,52.4,1.92
2026-02-19 15:47:46.559572,25.7,67.9,51.7,4.46
2026-02-19 15:47:49.562432,25.7,63.7,44.6,4.0
2026-02-19 15:47:52.566104,23.9,56.7,42.7,3.07
2026-02-19 15:47:55.569583,26.1,68.4,35.0,3.97
2026-02-19 15:47:58.573070,24.2,64.0,44.4,3.28
2026-02-19 15:48:01.576156,24.1,56.1,47.8,4.46
2026-02-19 15:48:04.580775,25.1,63.5,49.0,2.13
2026-02-19 15:48:07.585096,26.2,53.0,52.7,4.88
2026-02-19 15:48:10.590354,23.7,65.3,34.5,2.67
2026-02-19 15:48:13.593614,23.2,53.8,35.5,3.17
2026-02-19 15:48:16.597292,25.3,51.1,53.1,1.31
2026-02-19 15:48:19.601396,25.9,67.8,41.4,4.48
2026-02-19 15:48:22.605120,23.8,62.6,55.6,1.94
2026-02-19 15:48:25.611501,25.6,52.5,46.6,3.24
2026-02-19 15:48:28.616084,24.8,68.0,43.5,3.71
2026-02-19 15:48:31.620903,25.6,59.0,32.6,3.66
2026-02-19 15:48:34.624789,25.2,50.2,40.4,1.91
2026-02-19 15:48:37.628946,23.2,59.0,48.7,3.35
2026-02-19 15:48:40.633595,26.6,69.2,34.1,1.39
2026-02-19 15:48:43.637346,26.0,69.8,40.7,1.16
2026-02-19 15:48:46.641820,23.1,56.2,39.4,3.3
2026-02-19 15:48:49.645858,23.3,68.5,30.3,4.38
2026-02-19 15:48:52.649377,25.6,50.0,50.0,0.68
2026-02-19 15:48:55.652935,26.3,62.0,55.1,2.67
2026-02-19 15:48:58.657234,26.0,57.9,42.0,0.85
2026-02-19 15:49:01.660801,23.6,53.0,48.1,4.66
2026-02-19 15:49:04.665349,27.0,61.4,30.6,2.29
2026-02-19 15:49:07.671226,26.2,52.5,51.4,3.73
2026-02-19 15:49:10.674924,26.0,66.2,30.6,4.32
2026-02-19 15:49:13.679025,25.0,61.4,44.1,2.95
2026-02-19 15:49:16.684935,24.8,52.9,58.0,1.31
2026-02-19 15:49:19.689516,25.1,55.4,56.0,1.53
2026-02-19 15:49:22.693528,25.6,56.7,32.1,2.71
2026-02-19 15:49:25.698424,26.0,57.9,55.8,4.76
2026-02-19 15:49:28.708036,23.3,55.4,38.1,3.78
2026-02-19 15:49:31.713873,25.5,53.8,42.9,1.2
2026-02-19 15:49:34.719383,25.1,67.5,40.4,4.91
2026-02-19 15:49:37.723132,24.6,54.3,40.4,1.37
2026-02-19 15:49:40.726563,24.3,58.1,50.7,4.57
2026-02-19 15:49:43.731827,25.7,56.1,35.9,3.65
2026-02-19 15:49:46.736906,23.5,62.3,38.4,4.32
2026-02-19 15:49:49.742990,24.5,65.8,53.3,3.54
2026-02-19 15:49:52.748206,25.8,62.7,55.1,4.07
2026-02-19 15:49:55.751490,25.4,50.7,57.1,4.36
2026-02-19 15:49:58.756659,24.1,60.0,33.7,1.34
2026-02-19 15:50:01.760876,26.7,61.6,52.4,4.87
2026-02-19 15:50:04.767013,24.9,63.4,51.0,2.46
2026-02-19 15:50:07.774011,23.2,56.4,40.0,4.9
2026-02-19 15:50:10.781473,23.5,57.5,53.7,4.86
2026-02-19 15:50:13.785910,25.9,58.3,37.4,4.71
2026-02-19 15:50:16.791166,24.6,62.7,44.5,2.22
2026-02-19 15:50:19.796703,25.9,54.6,46.5,3.84
2026-02-19 15:50:22.800302,26.5,56.1,32.4,1.99
2026-02-19 15:50:25.805221,23.5,69.5,53.8,4.74
2026-02-19 15:50:28.809920,23.5,55.0,30.3,2.34
2026-02-19 15:50:31.813488,26.0,64.5,50.2,2.15
2026-02-19 15:50:34.819337,26.5,64.8,49.3,4.34
2026-02-19 15:50:37.824377,23.3,55.2,35.3,4.34
2026-02-19 15:50:40.829975,25.5,61.9,46.5,1.59
2026-02-19 15:50:43.835472,25.4,65.9,36.1,4.79
2026-02-19 15:50:46.840215,25.8,52.4,44.6,3.58
2026-02-19 15:50:49.843663,25.4,54.8,41.8,0.93
2026-02-19 15:50:52.847552,26.5,62.2,58.3,2.07
2026-02-19 15:50:55.853300,26.4,62.2,30.5,2.56
2026-02-19 15:50:58.857662,25.7,67.5,58.3,3.14
2026-02-19 15:51:01.861542,25.0,67.5,40.0,2.05
2026-02-19 15:51:04.865302,23.7,50.9,44.2,3.58
2026-02-19 15:51:07.869170,24.8,55.1,52.9,2.69
2026-02-19 15:51:10.873468,24.8,56.2,36.8,2.93
2026-02-19 15:51:13.879002,26.2,62.5,31.6,3.78
2026-02-19 15:51:16.884687,24.4,67.7,53.4,4.77
2026-02-19 15:51:19.888752,26.8,61.2,51.8,3.15
2026-02-19 15:51:22.895958,24.0,60.5,54.3,0.68
2026-02-19 15:51:25.900415,23.2,53.4,33.7,2.22
2026-02-19 15:51:28.906606,23.6,67.2,41.3,1.7
2026-02-19 15:51:31.910500,24.1,64.9,43.8,4.8
2026-02-19 15:51:34.917551,23.5,53.4,55.7,0.92
2026-02-19 15:51:37.922296,25.9,51.8,59.4,1.25
2026-02-19 15:51:40.925973,25.8,66.7,40.9,3.5
2026-02-19 15:51:43.930038,25.8,62.5,33.6,1.26
2026-02-19 15:51:46.937724,26.5,53.4,38.1,1.87
2026-02-19 15:51:49.942788,24.6,63.8,43.0,0.74
2026-02-19 15:51:52.949016,23.4,54.9,34.8,3.08
2026-02-19 15:51:55.952350,23.5,59.5,38.6,3.06
2026-02-19 15:51:58.956264,24.7,54.5,43.6,4.22
2026-02-19 15:52:01.961055,24.7,55.0,59.7,4.5
2026-02-19 15:52:04.964587,23.1,55.8,55.8,4.68
2026-02-19 15:52:07.968173,24.5,64.7,54.9,4.74
2026-02-19 15:52:10.972028,24.2,51.3,45.5,0.87
2026-02-19 15:52:13.975978,23.7,67.1,49.1,0.54
2026-02-19 15:52:16.979421,26.8,51.6,58.3,4.59
2026-02-19 15:52:19.982607,24.2,54.9,32.4,2.75
2026-02-19 15:52:22.985229,24.3,66.9,38.3,0.52
2026-02-19 15:52:25.988850,25.8,55.4,56.6,2.27
2026-02-19 15:52:28.991522,24.7,53.4,38.3,3.5
2026-02-19 15:52:31.994921,26.1,54.6,51.2,4.77
2026-02-19 15:52:34.998301,23.6,58.6,57.1,4.18
2026-02-19 15:52:38.002814,26.3,55.4,42.7,4.74
2026-02-19 15:52:41.007067,26.5,52.9,54.3,2.61
2026-02-19 15:52:44.011173,23.7,50.5,49.3,4.16
2026-02-19 15:52:47.014708,25.5,64.2,42.2,2.87
2026-02-19 15:52:50.018851,23.8,57.6,48.5,1.7
2026-02-19 15:52:53.023811,24.2,58.9,47.9,0.91
2026-02-19 15:52:56.027649,23.5,55.1,38.9,4.44
2026-02-19 15:52:59.031841,26.5,63.9,47.0,2.22
2026-02-19 15:53:02.035241,26.0,60.9,44.7,1.02
2026-02-19 15:53:05.038177,24.7,52.2,50.5,3.44
2026-02-19 15:53:08.041826,24.1,58.4,48.4,3.49
2026-02-19 15:53:11.045094,25.6,52.3,34.3,1.11
2026-02-19 15:53:14.048544,26.5,68.8,33.5,1.4
2026-02-19 15:53:17.051557,23.9,60.5,53.6,2.42
2026-02-19 15:53:20.054712,26.1,61.6,35.1,0.95
2026-02-19 15:53:23.058763,26.0,52.7,36.2,0.93
2026-02-19 15:53:26.062633,24.2,63.6,42.2,2.26
2026-02-19 15:53:29.067139,23.1,62.4,57.0,2.01
2026-02-19 15:53:32.070032,25.4,50.3,45.6,2.75
2026-02-19 15:53:35.073542,24.6,69.3,54.0,2.64
2026-02-19 15:53:38.077106,24.1,56.0,52.6,1.42
2026-02-19 15:53:41.080484,25.4,64.4,53.2,1.11
2026-02-19 15:53:44.084420,23.6,54.8,39.2,2.91
2026-02-19 15:53:47.088621,26.5,64.9,56.7,2.57
2026-02-19 15:53:50.093041,24.0,51.0,55.7,4.67
2026-02-19 15:53:53.096655,24.1,57.8,40.2,1.48
2026-02-19 15:53:56.101343,26.8,68.9,40.2,1.99
2026-02-19 15:53:59.105643,24.2,51.7,46.7,2.21
2026-02-19 15:54:02.108655,26.4,57.6,50.9,3.39
2026-02-19 15:54:05.112085,26.1,54.5,52.1,1.15
2026-02-19 15:54:08.115725,23.4,58.5,33.3,4.8
2026-02-19 15:54:11.118983,25.7,54.2,55.0,3.51
2026-02-19 15:54:14.123012,23.4,63.1,46.7,4.32
2026-02-19 15:54:17.128191,24.0,61.4,56.2,3.78
2026-02-19 15:54:20.131807,24.4,69.0,38.8,0.85
2026-02-19 15:54:23.135847,24.8,68.5,30.5,1.69
2026-02-19 15:54:26.140002,23.5,64.2,56.3,3.36
2026-02-19 15:54:29.143144,24.2,52.5,46.2,2.99
2026-02-19 15:54:32.147163,24.6,66.6,39.7,1.47
2026-02-19 15:54:35.150776,26.8,64.7,59.7,4.08
2026-02-19 15:54:38.153953,26.2,56.8,31.8,4.98
2026-02-19 15:54:41.158454,24.1,67.3,37.8,4.06
2026-02-19 15:54:44.161743,26.8,64.0,52.1,3.22
2026-02-19 15:54:47.164779,26.8,67.9,37.2,1.82
2026-02-19 15:54:50.168708,24.6,51.4,37.6,2.67
2026-02-19 15:54:53.175457,25.1,66.3,51.9,3.41
2026-02-19 15:54:56.178523,25.6,62.9,45.5,1.14
2026-02-19 15:54:59.183061,26.0,60.4,58.3,2.34
2026-02-19 15:55:02.186039,24.9,62.0,31.3,2.57
2026-02-19 15:55:05.189868,25.4,54.6,45.0,1.1
2026-02-19 15:55:08.193399,25.5,52.2,58.7,2.38
2026-02-19 15:55:11.196787,25.5,67.7,40.0,4.88
2026-02-19 15:55:14.201394,25.9,62.5,52.9,3.69
2026-02-19 15:55:17.204673,25.7,55.8,40.8,5.0
2026-02-19 15:55:20.208128,23.8,57.2,49.4,0.54
2026-02-19 15:55:23.212317,25.8,68.9,58.9,1.3
2026-02-19 15:55:26.216438,24.2,60.0,56.0,4.29
2026-02-19 15:55:29.220659,26.0,54.2,40.9,2.42
2026-02-19 15:55:32.224228,26.2,66.5,30.2,4.14
2026-02-19 15:55:35.227156,25.5,67.5,55.6,2.54
2026-02-19 15:55:38.233227,23.8,60.1,47.9,2.22
2026-02-19 15:55:41.236615,26.4,52.6,53.0,4.85
2026-02-19 15:55:44.239836,24.3,53.4,54.7,4.44
2026-02-19 15:55:47.244893,24.3,66.6,43.2,2.83
2026-02-19 15:55:50.247658,26.8,60.8,54.0,1.98
2026-02-19 15:55:53.251245,26.3,68.3,41.5,3.68
2026-02-19 15:55:56.254750,25.3,64.5,41.3,0.96
2026-02-19 15:55:59.258004,26.3,66.7,37.8,1.59
2026-02-19 15:56:02.260785,23.9,64.0,36.7,4.31
2026-02-19 15:56:05.263370,25.8,61.5,39.4,0.51
2026-02-19 15:56:08.266896,25.6,68.1,56.3,4.74
2026-02-19 15:56:11.270813,25.3,69.5,57.9,4.91
2026-02-19 15:56:14.273744,23.4,53.9,58.4,1.51
2026-02-19 15:56:17.276717,23.8,52.2,50.9,4.78
2026-02-19 15:56:20.281078,25.7,54.2,45.7,1.1
2026-02-19 15:56:23.283995,25.4,52.1,36.4,0.7
2026-02-19 15:56:26.287813,24.2,52.1,30.6,2.32
2026-02-19 15:56:29.290748,24.4,58.7,37.5,4.67
2026-02-19 15:56:32.294904,24.5,63.4,46.5,2.24
2026-02-19 15:56:35.298399,25.4,62.0,57.3,1.52
2026-02-19 15:56:38.301146,26.8,56.5,45.2,1.9
2026-02-19 15:56:41.304481,23.9,68.6,58.4,4.43
2026-02-19 15:56:44.308165,25.6,69.0,57.0,0.9
2026-02-19 15:56:47.312704,26.1,54.0,50.1,1.62
2026-02-19 15:56:50.316213,24.7,54.4,34.6,3.82
2026-02-19 15:56:53.319898,23.8,61.8,54.5,4.73
2026-02-19 15:56:56.323420,23.7,52.9,41.5,4.12
2026-02-19 15:56:59.327908,24.7,50.7,43.1,1.27
2026-02-19 15:57:02.331355,25.3,55.9,36.5,3.43
2026-02-19 15:57:05.334669,25.6,64.8,50.0,1.79
2026-02-19 15:57:08.338416,23.4,61.8,41.0,4.45
2026-02-19 15:57:11.341996,26.3,54.7,45.0,4.95
2026-02-19 15:57:14.345089,26.7,59.9,56.0,1.68
2026-02-19 15:57:17.348949,26.7,68.0,56.8,0.72
2026-02-19 15:57:20.352258,26.5,65.2,49.4,0.69
2026-02-19 15:57:23.355400,26.5,55.3,42.0,4.8
2026-02-19 15:57:26.358936,26.1,53.0,43.0,0.57
2026-02-19 15:57:29.362276,25.7,68.1,54.8,3.74
2026-02-19 15:57:32.365902,23.3,52.4,46.6,2.99
2026-02-19 15:57:35.369714,26.2,63.3,52.0,1.54
2026-02-19 15:57:38.374804,26.5,50.7,58.3,4.17
2026-02-19 15:57:41.378460,25.4,55.5,35.4,2.23
2026-02-19 15:57:44.381300,25.6,58.8,39.4,1.57
2026-02-19 15:57:47.386103,24.5,58.9,39.3,1.28
2026-02-19 15:57:50.391340,26.3,51.1,52.5,2.74
2026-02-19 15:57:53.395166,23.6,53.8,48.8,1.5
2026-02-19 15:57:56.398812,24.4,64.0,36.4,2.32
2026-02-19 15:57:59.402998,23.6,63.2,46.3,1.15
2026-02-19 15:58:02.407682,26.5,64.2,34.0,2.43
2026-02-19 15:58:05.410560,24.2,69.8,58.8,0.55
2026-02-19 15:58:08.413694,26.2,68.9,41.8,1.15
2026-02-19 15:58:11.417041,25.0,65.8,48.4,4.34
2026-02-19 15:58:14.419938,23.8,68.8,56.1,2.42
2026-02-19 15:58:17.423756,25.9,69.8,58.1,4.27
2026-02-19 15:58:20.427247,26.4,54.2,59.9,2.54
2026-02-19 15:58:23.431631,25.4,55.7,43.7,3.69
2026-02-19 15:58:26.434867,26.7,57.6,42.4,4.26
2026-02-19 15:58:29.439397,23.6,52.5,58.8,0.64
2026-02-19 15:58:32.443593,25.0,53.8,36.3,4.82
2026-02-19 15:58:35.447727,23.3,61.4,48.2,4.48
2026-02-19 15:58:38.451991,25.8,57.3,52.3,3.99
2026-02-19 15:58:41.455274,24.4,55.1,42.7,4.45
2026-02-19 15:58:44.459799,26.2,51.8,30.3,0.74
2026-02-19 15:58:47.463660,26.8,63.3,31.5,1.16
2026-02-19 15:58:50.467169,26.2,68.0,59.5,1.25
2026-02-19 15:58:53.471456,24.8,68.9,32.9,4.65
2026-02-19 15:58:56.475594,26.3,69.3,32.1,3.29
2026-02-19 15:58:59.479840,23.0,66.8,35.7,2.86
2026-02-19 15:59:02.484315,25.7,50.9,48.5,2.12
2026-02-19 15:59:05.487941,23.8,56.9,38.4,1.63
2026-02-19 15:59:08.491094,23.3,58.1,31.8,0.56
2026-02-19 15:59:11.494060,23.7,60.2,44.2,3.13
2026-02-19 15:59:14.497001,26.5,52.8,37.7,0.64
2026-02-19 15:59:17.500413,23.1,66.7,55.4,3.86
2026-02-19 15:59:20.503807,23.4,69.5,51.9,2.08
2026-02-19 15:59:23.507303,26.3,59.7,59.8,2.99
2026-02-19 15:59:26.510386,23.3,52.6,51.2,4.07
2026-02-19 15:59:29.513204,23.3,66.5,31.7,2.83
2026-02-19 15:59:32.517963,24.5,62.8,35.0,2.9
2026-02-19 15:59:35.521729,23.9,69.5,36.9,2.35
2026-02-19 15:59:38.525277,24.3,55.5,34.6,4.49
2026-02-19 15:59:41.529804,26.0,69.2,46.9,4.6
2026-02-19 15:59:44.533918,26.4,60.7,31.8,3.48
2026-02-19 15:59:47.537195,26.4,65.5,56.7,3.32
2026-02-19 15:59:50.540344,26.1,61.1,40.2,3.57
2026-02-19 15:59:53.543892,23.6,62.6,41.1,3.45
2026-02-19 15:59:56.547367,25.9,50.3,42.5,3.15
2026-02-19 15:59:59.552286,26.2,66.0,44.2,1.43
2026-02-19 16:00:02.556333,26.1,66.2,42.6,1.22
2026-02-19 16:00:05.559789,25.7,66.4,45.1,3.25
2026-02-19 16:00:08.563479,26.8,51.7,57.8,0.59
2026-02-19 16:00:11.567460,25.9,56.2,34.2,1.92
2026-02-19 16:00:14.571351,23.5,51.9,39.2,3.63
2026-02-19 16:00:17.575876,23.5,60.0,57.3,0.59
2026-02-19 16:00:20.580640,24.0,65.9,33.4,4.1
2026-02-19 16:00:23.585296,26.6,61.7,40.6,0.68
2026-02-19 16:00:26.588899,23.5,61.2,34.4,2.83
2026-02-19 16:00:29.592340,25.4,52.8,44.8,4.77
2026-02-19 16:00:32.596216,24.6,62.1,57.6,3.12
2026-02-19 16:00:35.600210,24.9,68.0,45.9,1.94
2026-02-19 16:00:38.603755,24.7,69.7,53.9,0.54
2026-02-19 16:00:41.606578,25.5,58.4,43.2,1.79
2026-02-19 16:00:44.610979,24.6,68.9,52.9,1.28
2026-02-19 16:00:47.615070,24.2,67.9,33.4,4.2
2026-02-19 16:00:50.618468,25.3,61.9,45.7,2.38
2026-02-19 16:00:53.621101,26.5,57.0,44.7,4.69
2026-02-19 16:00:56.624617,23.3,59.1,38.9,4.68
2026-02-19 16:00:59.628392,23.8,57.2,53.2,3.25
2026-02-19 16:01:02.632630,24.7,64.0,53.9,3.59
2026-02-19 16:01:05.635468,25.2,55.2,32.6,1.5
2026-02-19 16:01:08.639153,23.8,59.9,39.7,3.28
2026-02-19 16:01:11.644336,23.2,66.1,39.5,4.64
2026-02-19 16:01:14.647343,23.5,53.5,49.8,3.37
2026-02-19 16:01:17.649941,23.6,53.3,49.1,3.45
2026-02-19 16:01:20.653555,23.3,60.4,57.3,0.75
2026-02-19 16:01:23.656802,25.4,64.1,58.1,0.51
2026-02-19 16:01:26.663686,23.5,69.9,32.6,1.84
2026-02-19 16:01:29.667130,23.9,67.3,48.2,1.86
2026-02-19 16:01:32.670883,23.9,52.3,55.1,3.04
2026-02-19 16:01:35.696884,26.2,62.1,30.6,1.36
2026-02-19 16:01:38.700899,23.0,56.9,51.7,2.17
2026-02-19 16:01:41.704565,23.4,65.7,32.9,3.0
2026-02-19 16:01:44.708197,23.9,54.3,46.2,1.94
2026-02-19 16:01:47.711828,25.3,68.7,48.2,2.19
2026-02-19 16:01:50.716186,23.9,63.7,47.3,2.65
2026-02-19 16:01:53.757504,24.2,64.3,40.6,3.06
2026-02-19 16:01:56.773325,23.9,52.5,32.7,3.76
2026-02-19 16:01:59.778664,26.4,59.7,31.8,3.02
2026-02-19 16:02:02.782462,26.1,56.8,55.1,4.8
2026-02-19 16:02:05.786129,25.3,54.2,55.2,3.8
2026-02-19 16:02:08.789526,26.4,54.9,41.0,3.17
2026-02-19 16:02:11.793511,26.9,51.4,40.7,4.54
2026-02-19 16:02:14.797975,23.6,59.1,45.6,0.82
2026-02-19 16:02:17.802897,25.3,57.3,54.0,4.25
2026-02-19 16:02:20.806524,26.0,60.6,36.1,4.71
2026-02-19 16:02:23.810309,23.7,61.1,44.6,2.63
2026-02-19 16:02:26.813507,26.7,68.2,51.9,3.49
2026-02-19 16:02:29.817607,27.0,51.2,32.6,3.95
2026-02-19 16:02:32.820684,27.0,54.8,46.1,2.1
2026-02-19 16:02:35.823826,24.3,59.5,54.8,2.61
2026-02-19 16:02:38.827427,25.4,67.4,57.8,0.53
2026-02-19 16:02:41.830563,23.8,57.8,49.9,3.15
2026-02-19 16:02:44.835714,25.5,52.8,49.8,0.69
2026-02-19 16:02:47.840412,25.0,52.7,37.4,3.16
2026-02-19 16:02:50.844393,24.5,58.1,42.3,3.49
2026-02-19 16:02:53.847904,23.9,55.0,38.0,3.51
2026-02-19 16:02:56.851125,26.9,57.1,59.1,4.31
2026-02-19 16:02:59.854364,24.4,68.1,47.3,3.71
2026-02-19 16:03:02.858137,25.2,68.9,43.1,2.89
2026-02-19 16:03:05.861401,24.1,64.9,30.7,1.12
2026-02-19 16:03:08.865953,23.1,67.5,48.5,2.35
2026-02-19 16:03:11.869914,25.9,57.4,53.0,1.82
2026-02-19 16:03:14.873883,25.5,66.5,35.4,0.98
2026-02-19 16:03:17.878382,25.0,66.8,43.4,1.41
2026-02-19 16:03:20.882006,24.3,62.9,31.5,1.93
2026-02-19 16:03:23.885179,25.3,51.6,35.9,1.75
2026-02-19 16:03:26.888809,26.3,64.3,57.4,4.03
2026-02-19 16:03:29.892434,24.5,58.3,44.7,2.82
2026-02-19 16:03:32.897042,24.1,60.2,44.4,2.38
2026-02-19 16:03:35.900143,24.6,56.5,45.6,3.81
2026-02-19 16:03:38.903611,24.2,54.6,42.5,1.24
2026-02-19 16:03:41.907304,24.9,69.5,33.8,1.59
2026-02-19 16:03:44.911107,24.7,67.3,33.6,3.49
2026-02-19 16:03:47.915586,24.1,53.8,41.7,0.77
2026-02-19 16:03:50.920185,26.6,52.3,52.3,2.79
2026-02-19 16:03:53.923616,24.9,60.7,32.9,0.58
2026-02-19 16:03:56.927104,23.6,63.5,44.3,4.78
2026-02-19 16:03:59.932613,24.3,68.8,50.0,4.24
2026-02-19 16:04:02.937404,23.9,67.5,37.0,4.57
2026-02-19 16:04:05.941408,25.8,56.4,43.8,1.72
2026-02-19 16:04:08.945748,25.5,52.2,34.6,4.58
2026-02-19 16:04:11.951223,26.3,51.4,33.5,2.68
2026-02-19 16:04:14.954056,23.8,54.1,33.1,4.98
2026-02-19 16:04:17.957250,24.4,54.6,33.8,4.73
2026-02-19 16:04:20.960840,24.6,59.7,46.2,1.87
2026-02-19 16:04:23.964979,24.2,59.4,39.6,3.33
2026-02-19 16:04:26.968291,24.7,52.9,43.0,4.07
2026-02-19 16:04:29.972125,26.3,55.7,59.9,2.18
2026-02-19 16:04:32.976643,24.5,67.8,51.9,4.57
2026-02-19 16:04:35.980415,25.3,58.9,47.8,0.63
2026-02-19 16:04:38.984284,26.7,69.7,37.2,4.2
2026-02-19 16:04:41.988715,23.6,69.0,54.5,4.02
2026-02-19 16:04:44.992275,24.2,63.8,40.2,2.64
2026-02-19 16:04:47.995343,26.8,53.0,47.5,1.9
2026-02-19 16:04:50.998973,24.4,51.6,43.1,3.66
2026-02-19 16:04:54.002826,24.1,61.5,43.1,1.63
2026-02-19 16:04:57.007109,26.4,65.2,44.4,3.13
2026-02-19 16:05:00.010605,26.6,56.7,41.9,3.82
2026-02-19 16:05:03.015282,26.3,62.9,55.5,2.19
2026-02-19 16:05:06.018276,24.8,52.1,54.3,4.85
2026-02-19 16:05:09.021995,25.4,50.4,31.0,3.45
2026-02-19 16:05:12.026143,23.6,65.0,41.1,3.18
2026-02-19 16:05:15.029848,25.6,60.9,34.4,1.31
2026-02-19 16:05:18.033611,26.1,57.1,46.6,1.35
2026-02-19 16:05:21.038569,25.1,52.8,48.2,4.57
2026-02-19 16:05:24.041804,25.4,59.0,41.5,3.24
2026-02-19 16:05:27.046275,25.6,68.9,59.6,0.66
2026-02-19 16:05:30.049908,24.0,58.1,44.6,2.96
2026-02-19 16:05:33.053244,23.8,54.0,40.6,1.59
2026-02-19 16:05:36.056266,25.2,54.6,43.7,4.73
2026-02-19 16:05:39.059649,25.1,64.7,41.3,1.13
2026-02-19 16:05:42.063946,26.7,57.2,33.2,2.98
2026-02-19 16:05:45.068292,26.3,59.5,51.2,4.91
2026-02-19 16:05:48.072257,25.7,60.1,39.0,3.18
2026-02-19 16:05:51.076295,25.3,51.5,57.4,2.84
2026-02-19 16:05:54.081871,25.7,55.8,48.6,1.12
2026-02-19 16:05:57.086031,25.6,54.2,39.9,4.59
2026-02-19 16:06:00.090833,25.2,66.3,48.0,1.37
2026-02-19 16:06:03.095021,25.8,58.3,31.2,1.33
2026-02-19 16:06:06.099631,24.3,64.3,45.6,3.08
2026-02-19 16:06:09.103353,23.0,52.7,36.3,0.61
2026-02-19 16:06:12.128126,25.4,59.8,56.2,3.67
2026-02-19 16:06:15.143809,23.9,68.5,36.1,3.58
2026-02-19 16:06:18.148193,23.6,63.5,43.6,3.77
2026-02-19 16:06:21.151307,23.2,65.5,57.2,4.47
2026-02-19 16:06:24.154607,25.8,61.7,38.3,3.46
2026-02-19 16:06:27.159035,23.9,50.7,34.1,1.32
2026-02-19 16:06:30.162919,26.8,66.4,41.1,3.31
2026-02-19 16:06:33.166150,25.9,53.8,50.0,1.67
2026-02-19 16:06:36.169638,23.2,68.0,40.2,0.94
2026-02-19 16:06:39.172854,24.0,59.9,47.0,3.19
2026-02-19 16:06:42.176077,25.4,68.9,30.3,1.93
2026-02-19 16:06:45.179723,25.2,58.1,51.3,2.98
2026-02-19 16:06:48.183489,26.3,63.2,39.0,2.74
2026-02-19 16:06:51.187738,23.3,63.0,34.9,3.86
2026-02-19 16:06:54.191574,25.5,68.3,37.6,3.1
2026-02-19 16:06:57.195312,24.2,51.1,53.7,1.83
2026-02-19 16:07:00.198975,24.9,60.0,59.7,1.1
2026-02-19 16:07:03.203629,24.4,56.5,48.2,0.68
2026-02-19 16:07:06.207570,24.5,55.5,41.3,4.85
2026-02-19 16:07:09.211655,26.5,50.7,36.5,4.45
2026-02-19 16:07:12.215686,24.0,56.5,43.1,3.88
2026-02-19 16:07:15.220108,23.7,54.3,48.5,0.51
2026-02-19 16:07:18.224306,23.1,70.0,32.2,0.58
2026-02-19 16:07:21.227829,23.4,59.8,37.4,3.11
2026-02-19 16:07:24.232033,25.6,52.9,42.2,2.0
2026-02-19 16:07:27.235346,24.1,55.7,49.6,1.47
2026-02-19 16:07:30.239274,26.9,57.9,59.2,2.59
2026-02-19 16:07:33.243062,24.4,63.1,47.3,4.86
2026-02-19 16:07:36.247771,26.7,58.8,40.6,4.44
2026-02-19 16:07:39.253682,24.6,67.4,41.4,4.41
2026-02-19 16:07:42.257983,23.8,68.8,51.0,2.05
2026-02-19 16:07:45.261493,24.6,68.8,35.9,1.35
2026-02-19 16:07:48.264574,25.7,51.3,46.0,4.19
2026-02-19 16:07:51.270666,26.3,58.0,43.6,4.74
2026-02-19 16:07:54.275190,23.0,62.3,49.3,0.68
2026-02-19 16:07:57.278415,24.4,69.4,35.2,2.59
2026-02-19 16:08:00.283621,24.0,55.1,55.3,2.57
2026-02-19 16:08:03.287232,24.5,66.5,56.9,4.71
2026-02-19 16:08:06.290198,25.9,65.1,33.7,3.02
2026-02-19 16:08:09.294557,24.6,60.3,46.5,0.88
2026-02-19 16:08:12.297777,24.8,50.0,55.9,1.5
2026-02-19 16:08:15.301670,23.1,60.6,32.8,1.84
2026-02-19 16:08:18.305041,23.2,52.5,48.7,4.99
2026-02-19 16:08:21.309239,25.8,61.4,40.3,3.17
2026-02-19 16:08:24.319603,26.5,61.1,55.1,2.45
2026-02-19 16:08:27.325418,25.2,64.2,51.2,0.62
2026-02-19 16:08:30.329627,26.3,59.3,51.0,3.68
2026-02-19 16:08:33.333755,26.5,53.6,52.3,3.98
2026-02-19 16:08:36.338141,25.9,66.4,55.7,1.33
2026-02-19 16:08:39.341764,26.9,53.4,56.8,0.68
2026-02-19 16:08:42.344851,23.8,59.6,41.0,4.86
2026-02-19 16:08:45.351099,24.0,53.0,43.3,0.62
2026-02-19 16:08:48.362676,23.4,65.9,35.7,2.65
2026-02-19 16:08:51.366955,25.7,56.6,43.6,3.03
2026-02-19 16:08:54.370459,26.5,51.5,49.9,1.61
2026-02-19 16:08:57.374376,23.7,54.5,31.4,2.98
2026-02-19 16:09:00.378489,25.3,63.7,48.6,4.83
2026-02-19 16:09:03.382145,23.3,57.4,47.3,3.34
2026-02-19 16:09:06.385335,23.2,63.6,42.3,4.41
2026-02-19 16:09:09.389020,26.1,63.8,45.4,1.78
2026-02-19 16:09:12.392129,26.1,53.8,42.4,2.94
2026-02-19 16:09:15.395411,23.7,63.6,46.6,1.99
2026-02-19 16:09:18.398595,24.1,53.3,51.0,0.57
2026-02-19 16:09:21.403278,24.2,69.9,43.8,0.6
2026-02-19 16:09:24.405958,25.1,66.5,57.9,1.46
2026-02-19 16:09:27.409829,24.4,64.7,38.8,2.75
2026-02-19 16:09:30.413961,25.5,64.7,48.1,1.09
2026-02-19 16:09:33.418491,26.5,52.6,48.4,4.24
2026-02-19 16:09:36.422645,25.7,57.6,53.3,2.59
2026-02-19 16:09:39.425730,23.8,63.7,35.5,4.67
2026-02-19 16:09:42.428759,23.6,63.9,30.3,1.65
2026-02-19 16:09:45.432384,26.1,51.7,49.4,4.97
2026-02-19 16:09:48.436505,24.0,66.8,52.0,3.88
2026-02-19 16:09:51.440092,23.2,53.7,47.4,4.24
2026-02-19 16:09:54.444469,25.0,59.7,42.8,2.38
2026-02-19 16:09:57.448760,26.3,57.6,41.0,1.65
2026-02-19 16:10:00.452840,25.5,65.4,36.4,2.72
2026-02-19 16:10:03.456283,25.2,65.8,54.2,3.43
2026-02-19 16:10:06.459353,24.0,65.0,45.0,1.45
2026-02-19 16:10:09.461984,24.3,55.7,37.3,3.37
2026-02-19 16:10:12.466472,26.9,58.6,51.5,1.11
2026-02-19 16:10:15.470989,23.7,67.6,55.4,4.62
2026-02-19 16:10:18.475582,23.3,56.3,58.0,1.96
2026-02-19 16:10:21.478768,23.1,50.6,59.6,1.29
2026-02-19 16:10:24.483019,25.8,57.1,58.6,4.84
2026-02-19 16:10:27.486057,25.2,66.2,56.0,1.93
2026-02-19 16:10:30.489981,25.1,66.6,36.6,3.37
2026-02-19 16:10:33.493447,26.8,55.5,58.6,1.34
2026-02-19 16:10:36.496810,23.8,64.3,50.3,1.32
2026-02-19 16:10:39.500533,24.3,50.4,39.4,1.37
2026-02-19 16:10:42.503498,26.6,65.8,51.6,1.17
2026-02-19 16:10:45.507337,26.9,59.1,51.1,4.29
2026-02-19 16:10:48.511076,25.6,61.3,35.9,1.05
2026-02-19 16:10:51.515240,24.2,66.2,42.4,3.92
2026-02-19 16:10:54.519046,25.1,66.0,47.3,4.35
2026-02-19 16:10:57.522568,25.0,60.2,51.2,4.92
2026-02-19 16:11:00.526815,24.6,63.3,39.7,1.06
2026-02-19 16:11:03.529920,26.8,61.1,31.0,3.48
2026-02-19 16:11:06.532916,24.4,69.0,34.9,1.41
2026-02-19 16:11:09.536511,24.3,69.5,55.0,4.68
2026-02-19 16:11:12.539639,27.0,65.4,38.0,0.55
2026-02-19 16:11:15.542764,23.0,58.7,54.3,4.69
2026-02-19 16:11:18.546033,25.0,56.7,39.7,3.72
2026-02-19 16:11:21.549824,25.2,69.0,53.0,0.85
2026-02-19 16:11:24.553965,24.7,65.3,33.3,4.12
2026-02-19 16:11:27.558153,26.9,66.9,47.6,3.11
2026-02-19 16:11:30.561938,24.2,66.5,47.7,2.69
2026-02-19 16:11:33.565694,26.2,57.2,40.7,4.83
2026-02-19 16:11:36.569281,26.0,64.4,56.1,1.82
2026-02-19 16:11:39.573109,23.8,52.0,42.2,1.41
2026-02-19 16:11:42.577505,26.2,55.0,55.8,3.83
2026-02-19 16:11:45.581747,24.1,55.3,39.1,1.68
2026-02-19 16:11:48.586307,25.6,56.2,53.5,4.22
2026-02-19 16:11:51.590041,26.2,58.8,31.3,1.83
2026-02-19 16:11:54.593229,23.7,63.2,45.3,3.67
2026-02-19 16:11:57.596440,23.5,54.4,45.3,3.16
2026-02-19 16:12:00.599726,26.4,54.1,55.9,2.68
2026-02-19 16:12:03.604251,26.0,66.7,59.9,3.14
2026-02-19 16:12:06.607628,23.5,64.9,53.4,0.95
2026-02-19 16:12:09.610604,24.3,65.9,33.1,4.74
2026-02-19 16:12:12.614516,26.7,67.5,56.9,3.24
2026-02-19 16:12:15.618664,26.8,69.2,56.8,4.09
2026-02-19 16:12:18.623944,25.0,69.3,43.0,1.72
2026-02-19 16:12:21.627952,25.1,67.3,54.3,0.58
2026-02-19 16:12:24.633613,24.8,65.0,41.8,3.33
2026-02-19 16:12:27.637458,25.6,55.2,40.9,3.65
2026-02-19 16:12:30.640339,23.2,62.4,36.3,3.77
2026-02-19 16:12:33.643051,23.6,62.0,38.3,2.45
2026-02-19 16:12:36.645796,25.1,61.3,50.4,2.9
2026-02-19 16:12:39.649325,24.1,51.0,47.8,2.21
2026-02-19 16:12:42.652938,25.6,61.5,47.2,0.71
2026-02-19 16:12:45.656348,23.8,56.6,31.0,2.6
2026-02-19 16:12:48.661068,23.4,61.0,33.2,1.56
2026-02-19 16:12:51.663985,24.8,57.7,32.4,3.23
2026-02-19 16:12:54.667150,24.2,59.5,32.0,4.94
2026-02-19 16:12:57.670296,26.6,58.0,47.5,3.19
2026-02-19 16:13:00.673342,23.3,69.5,46.6,2.31
2026-02-19 16:13:03.676827,23.0,54.7,49.6,1.26
2026-02-19 16:13:06.680254,24.7,55.9,50.8,4.2
2026-02-19 16:13:09.683868,23.4,50.3,57.2,3.04
2026-02-19 16:13:12.687427,26.5,61.2,46.6,3.62
2026-02-19 16:13:15.690549,25.4,64.7,44.4,2.74
2026-02-19 16:13:18.693419,25.4,52.4,59.5,1.85
2026-02-19 16:13:21.696667,25.9,68.2,52.1,2.6
2026-02-19 16:13:24.700911,25.2,63.5,57.2,3.17
2026-02-19 16:13:27.705111,26.1,68.7,32.5,3.23
2026-02-19 16:13:30.708646,26.2,60.9,35.7,2.39
2026-02-19 16:13:33.711588,26.3,52.6,49.2,4.15
2026-02-19 16:13:36.714583,23.2,60.4,32.5,1.44
2026-02-19 16:13:39.717706,25.2,68.7,46.9,4.29
2026-02-19 16:13:42.722725,26.3,69.8,40.7,2.28
2026-02-19 16:13:45.727243,23.5,61.6,44.3,2.28
2026-02-19 16:13:48.731991,24.0,56.3,38.3,0.96
2026-02-19 16:13:51.735639,25.5,56.2,37.4,3.85
2026-02-19 16:13:54.740381,23.1,53.1,49.5,2.0
2026-02-19 16:13:57.743806,24.9,50.5,50.1,1.51
2026-02-19 16:14:00.747393,23.1,64.0,32.8,2.51
2026-02-19 16:14:03.750735,25.4,62.0,36.6,4.82
2026-02-19 16:14:06.755034,26.5,64.0,47.4,4.66
2026-02-19 16:14:09.760515,23.7,62.1,34.7,4.32
2026-02-19 16:14:12.763614,25.5,67.5,54.6,0.76
2026-02-19 16:14:15.767879,26.7,58.8,34.4,2.7
2026-02-19 16:14:18.772263,24.6,69.4,34.5,4.99
2026-02-19 16:14:21.775447,24.2,53.8,52.6,2.4
2026-02-19 16:14:24.779526,26.1,53.7,39.4,0.57
2026-02-19 16:14:27.782872,24.5,58.3,59.0,2.44
2026-02-19 16:14:30.786241,24.3,60.3,42.0,3.19
2026-02-19 16:14:33.790043,23.6,66.6,54.6,2.67
2026-02-19 16:14:36.793648,26.5,63.7,57.2,3.45
2026-02-19 16:14:39.797866,23.7,69.9,51.6,1.21
2026-02-19 16:14:42.801289,24.1,59.3,46.7,2.87
2026-02-19 16:14:45.805455,26.0,57.1,31.7,4.26
2026-02-19 16:14:48.809846,26.9,61.4,36.5,1.92
2026-02-19 16:14:51.814116,24.3,63.7,56.6,1.26
2026-02-19 16:14:54.818067,25.0,63.2,50.9,3.93
2026-02-19 16:14:57.822904,26.0,68.2,36.6,1.81
2026-02-19 16:15:00.825637,26.6,61.2,52.9,1.17
2026-02-19 16:15:03.830732,25.3,64.5,38.3,4.31
2026-02-19 16:15:06.834709,23.5,54.4,53.9,3.31
2026-02-19 16:15:09.839826,26.5,62.7,36.9,3.68
2026-02-19 16:15:12.842632,24.0,66.5,47.6,2.36
2026-02-19 16:15:15.846199,25.9,63.3,53.6,4.86
2026-02-19 16:15:18.848751,25.0,54.5,57.6,4.09
2026-02-19 16:15:21.852753,24.9,53.8,58.7,3.62
2026-02-19 16:15:24.856858,23.3,64.5,47.8,3.31
2026-02-19 16:15:27.859956,26.7,66.6,44.7,2.05
2026-02-19 16:15:30.863388,23.8,66.7,55.4,2.01
2026-02-19 16:15:33.866887,25.8,65.7,57.7,2.14
2026-02-19 16:15:36.871216,23.1,68.9,45.7,1.83
2026-02-19 16:15:39.875430,23.8,69.0,45.4,2.32
2026-02-19 16:15:42.878359,26.8,62.2,37.2,2.08
2026-02-19 16:15:45.883542,24.3,58.3,48.1,0.57
2026-02-19 16:15:48.887268,24.7,51.5,49.7,3.32
2026-02-19 16:15:51.893550,23.9,51.0,48.2,2.2
2026-02-19 16:15:54.897721,24.8,54.6,44.7,2.22
2026-02-19 16:15:57.902064,25.1,65.9,33.9,4.6
2026-02-19 16:16:00.905948,24.2,59.5,59.8,4.48
2026-02-19 16:16:03.909114,23.6,50.7,34.7,4.17
2026-02-19 16:16:06.912945,25.0,64.8,31.2,0.69
2026-02-19 16:16:09.915936,23.0,65.7,41.9,0.88
2026-02-19 16:16:12.919575,25.4,58.8,52.2,1.6
2026-02-19 16:16:15.924829,26.6,61.2,40.2,4.51
2026-02-19 16:16:18.931672,26.7,69.4,41.3,2.83
2026-02-19 16:16:21.934699,24.0,54.4,39.8,4.02
2026-02-19 16:16:24.938480,25.2,57.1,34.4,1.74
2026-02-19 16:16:27.941209,26.1,59.6,38.1,0.83
2026-02-19 16:16:30.944564,25.4,68.3,49.5,4.57
2026-02-19 16:16:33.949020,23.5,54.4,38.7,1.99
2026-02-19 16:16:36.952247,27.0,61.7,41.1,1.54
2026-02-19 16:16:39.956240,26.7,67.7,32.9,4.79
2026-02-19 16:16:42.959770,26.8,56.5,31.7,4.27
2026-02-19 16:16:45.966562,24.0,51.0,44.5,2.57
2026-02-19 16:16:48.970594,23.5,64.9,56.7,3.51
2026-02-19 16:16:51.974166,26.0,50.2,55.1,2.87
2026-02-19 16:16:54.977835,25.4,63.3,58.0,2.33
2026-02-19 16:16:57.981742,24.7,66.6,54.8,1.3
2026-02-19 16:17:00.984723,24.0,57.7,50.8,2.61
2026-02-19 16:17:03.988974,26.4,68.4,50.2,1.77
2026-02-19 16:17:06.993154,26.2,53.8,46.7,4.19
2026-02-19 16:17:09.996838,26.3,56.4,36.6,2.56
2026-02-19 16:17:13.000505,23.6,62.5,50.6,4.23
2026-02-19 16:17:16.006134,26.2,69.2,43.5,0.55
2026-02-19 16:17:19.009840,24.6,68.9,58.5,2.95
2026-02-19 16:17:22.013581,24.8,66.2,41.8,2.61
2026-02-19 16:17:25.017387,24.5,53.2,51.0,3.85
2026-02-19 16:17:28.019803,25.6,53.7,39.5,1.43
2026-02-19 16:17:31.023819,23.8,68.5,31.3,4.11
2026-02-19 16:17:34.026924,25.5,56.7,35.2,1.21
2026-02-19 16:17:37.030647,23.3,61.6,49.4,4.96
2026-02-19 16:17:40.033768,26.9,60.7,40.0,3.6
2026-02-19 16:17:43.043191,26.2,69.4,40.1,1.44
2026-02-19 16:17:46.047173,23.2,61.3,38.6,1.23
2026-02-19 16:17:49.051320,25.9,66.8,42.1,2.75
2026-02-19 16:17:52.055794,25.1,66.9,33.0,4.68
2026-02-19 16:17:55.058917,25.7,53.8,48.6,2.32
2026-02-19 16:17:58.063050,23.1,59.5,31.2,3.02
2026-02-19 16:18:01.066801,23.8,66.7,52.6,2.54
2026-02-19 16:18:04.070116,24.2,52.7,56.2,2.23
2026-02-19 16:18:07.074445,26.6,67.2,49.0,0.67
2026-02-19 16:18:10.078067,25.1,61.2,57.5,2.58
2026-02-19 16:18:13.081017,25.8,60.3,36.9,1.48
2026-02-19 16:18:16.084421,26.9,69.5,33.2,4.41
2026-02-19 16:18:19.087587,23.6,59.3,31.0,4.05
2026-02-19 16:18:22.091484,25.1,69.4,35.7,3.0
2026-02-19 16:18:25.096131,25.4,67.7,43.1,4.61
2026-02-19 16:18:28.099126,25.0,53.8,44.1,3.17
2026-02-19 16:18:31.102676,25.0,66.0,39.2,2.11
2026-02-19 16:18:34.105942,26.2,61.2,52.4,1.9
2026-02-19 16:18:37.109108,23.2,51.8,41.0,2.4
2026-02-19 16:18:40.112188,25.7,64.5,57.7,3.91
2026-02-19 16:18:43.116313,23.6,58.5,42.8,3.74
2026-02-19 16:18:46.119165,26.3,64.4,36.8,4.54
2026-02-19 16:18:49.122627,23.6,67.8,34.8,4.65
2026-02-19 16:18:52.126872,25.0,53.6,58.0,3.9
2026-02-19 16:18:55.129695,25.7,55.5,39.9,1.54
2026-02-19 16:18:58.134570,27.0,62.4,34.0,2.66
2026-02-19 16:19:01.138198,26.8,63.0,56.5,0.99
2026-02-19 16:19:04.141863,24.2,58.9,37.8,4.86
2026-02-19 16:19:07.145518,24.6,58.3,56.8,0.51
2026-02-19 16:19:10.148872,26.7,56.8,55.5,1.18
2026-02-19 16:19:13.152006,25.8,55.1,40.2,3.48
2026-02-19 16:19:16.154824,25.4,64.3,44.4,2.49
2026-02-19 16:19:19.158479,24.2,61.9,39.4,4.96
2026-02-19 16:19:22.161981,26.7,65.4,31.6,1.09
2026-02-19 16:19:25.165396,24.7,52.4,42.5,1.21
2026-02-19 16:19:28.168728,23.2,58.5,53.9,4.86
2026-02-19 16:19:31.173680,24.5,55.0,31.9,0.61
2026-02-19 16:19:34.177731,25.4,50.0,38.2,4.25
2026-02-19 16:19:37.180820,23.9,68.3,44.2,2.15
2026-02-19 16:19:40.184421,23.2,65.1,43.1,1.93
2026-02-19 16:19:43.189770,25.4,53.6,30.9,0.72
2026-02-19 16:19:46.193100,26.7,58.4,49.7,4.52
2026-02-19 16:19:49.198310,26.6,52.7,40.2,3.48
2026-02-19 16:19:52.204113,26.4,51.8,57.8,4.49
2026-02-19 16:19:55.207643,23.5,60.3,56.8,3.58
2026-02-19 16:19:58.210524,26.3,63.6,31.6,2.35
2026-02-19 16:20:01.214621,24.5,68.5,45.4,1.32
2026-02-19 16:20:04.220727,26.8,69.6,49.5,2.0
2026-02-19 16:20:07.225829,25.5,50.3,38.1,3.22
2026-02-19 16:20:10.228851,26.0,56.8,57.6,1.08
2026-02-19 16:20:13.232701,26.4,55.4,58.0,3.01
2026-02-19 16:20:16.237687,25.1,54.5,39.1,2.14
2026-02-19 16:20:19.241138,24.0,56.5,42.1,2.11
2026-02-19 16:20:22.245199,26.7,57.0,46.8,1.03
2026-02-19 16:20:25.248442,25.4,68.1,51.2,4.01
2026-02-19 16:20:28.252425,23.5,56.7,40.6,1.91
2026-02-19 16:20:31.256379,26.9,65.4,42.4,3.61
2026-02-19 16:20:34.259812,26.1,50.1,31.1,4.42
2026-02-19 16:20:37.265194,26.9,67.1,50.6,2.41
2026-02-19 16:20:40.268988,24.3,62.6,46.1,2.22
2026-02-19 16:20:43.271971,24.0,50.6,44.1,3.05
2026-02-19 16:20:46.277486,23.7,65.8,37.1,2.2
2026-02-19 16:20:49.281253,23.6,67.6,57.7,4.02
2026-02-19 16:20:52.284888,23.4,64.1,51.4,4.76
2026-02-19 16:20:55.288099,24.6,59.4,40.6,4.73
2026-02-19 16:20:58.290869,23.7,54.3,31.8,3.87
2026-02-19 16:21:01.294009,25.6,50.9,32.9,3.59
2026-02-19 16:21:04.297647,23.3,51.0,43.2,3.66
2026-02-19 16:21:07.301714,24.9,53.9,41.7,1.61
2026-02-19 16:21:10.305543,24.2,58.7,40.3,4.75
2026-02-19 16:21:13.309893,23.8,66.2,56.9,0.81
2026-02-19 16:21:16.313657,24.5,66.1,56.7,2.67
2026-02-19 16:21:19.318264,24.3,68.5,43.7,2.6
2026-02-19 16:21:22.323537,25.3,56.3,36.2,3.2
2026-02-19 16:21:25.327231,24.7,52.0,59.7,2.11
2026-02-19 16:21:28.331624,26.9,53.7,52.9,3.84
2026-02-19 16:21:31.334989,26.0,53.6,56.2,1.64
2026-02-19 16:21:34.339979,24.3,64.1,46.6,2.19
2026-02-19 16:21:37.345570,23.3,56.0,33.7,4.12
2026-02-19 16:21:40.351774,23.8,60.3,32.4,3.72
2026-02-19 16:21:43.356496,24.5,58.4,56.4,2.36
2026-02-19 16:21:46.359573,26.8,54.4,30.4,2.94
2026-02-19 16:21:49.362935,24.9,66.7,51.0,3.62
2026-02-19 16:21:52.366639,24.1,51.5,36.5,0.95
2026-02-19 16:21:55.369664,25.3,57.7,50.7,1.14
2026-02-19 16:21:58.372693,23.8,57.8,40.9,1.08
2026-02-19 16:22:01.376211,24.5,62.4,53.3,1.35
2026-02-19 16:22:04.381082,26.0,59.0,39.6,1.5
2026-02-19 16:22:07.383960,24.4,68.7,30.2,2.93
2026-02-19 16:22:10.387939,25.2,59.5,55.4,2.16
2026-02-19 16:22:13.392250,26.2,56.3,54.2,3.03
2026-02-19 16:22:16.395486,25.0,64.8,47.4,1.53
2026-02-19 16:22:19.398900,26.6,56.3,58.1,4.26
2026-02-19 16:22:22.402806,24.5,59.4,51.6,4.32
2026-02-19 16:22:25.407442,25.5,66.8,32.2,0.8
2026-02-19 16:22:28.410749,23.2,65.4,48.9,3.31
2026-02-19 16:22:31.413645,24.9,57.9,45.0,0.96
2026-02-19 16:22:34.417385,23.1,63.3,38.1,2.56
2026-02-19 16:22:37.420634,25.7,66.8,44.7,0.86
2026-02-19 16:22:40.423865,26.3,51.0,39.8,1.81
2026-02-19 16:22:43.428767,26.6,51.9,45.7,0.51
2026-02-19 16:22:46.432460,25.6,53.2,30.7,2.98
2026-02-19 16:22:49.436266,26.0,54.5,46.7,2.66
2026-02-19 16:22:52.440793,23.7,57.2,59.2,4.51
2026-02-19 16:22:55.445439,24.7,56.8,54.2,3.11
2026-02-19 16:22:58.449688,25.7,66.2,32.0,4.62
2026-02-19 16:23:01.453105,26.0,59.5,52.3,3.67
2026-02-19 16:23:04.456814,24.6,68.9,59.9,4.56
2026-02-19 16:23:07.460498,26.3,60.8,39.6,4.71
2026-02-19 16:23:10.463678,25.6,62.5,33.1,0.83
2026-02-19 16:23:13.467447,25.3,59.3,35.5,4.52
2026-02-19 16:23:16.471607,25.3,63.6,36.2,3.57
2026-02-19 16:23:19.475042,26.2,68.8,39.5,0.9
2026-02-19 16:23:22.478780,25.0,62.0,33.9,0.96
2026-02-19 16:23:25.483172,23.5,51.4,41.4,1.54
2026-02-19 16:23:28.486761,26.3,58.9,56.9,4.25
2026-02-19 16:23:31.490319,26.1,68.5,30.8,1.59
2026-02-19 16:23:34.494680,26.1,68.7,39.2,1.76
2026-02-19 16:23:37.497917,25.4,52.4,44.9,2.17
2026-02-19 16:23:40.501652,25.1,59.2,42.9,4.95
2026-02-19 16:23:43.506277,23.8,64.1,42.1,3.05
2026-02-19 16:23:46.510461,26.8,63.4,35.1,3.64
2026-02-19 16:23:49.512946,26.3,53.9,58.1,2.55
2026-02-19 16:23:52.515552,24.3,54.4,53.3,2.87
2026-02-19 16:23:55.518428,26.5,53.0,45.4,3.82
2026-02-19 16:23:58.521015,26.2,55.6,53.9,1.42
2026-02-19 16:24:01.524358,23.6,61.9,51.9,3.94
2026-02-19 16:24:04.527674,26.5,67.6,39.2,2.07
2026-02-19 16:24:07.530840,26.5,63.3,40.8,1.53
2026-02-19 16:24:10.534210,23.4,67.1,57.3,3.31
2026-02-19 16:24:13.537685,26.7,67.5,53.7,2.02
2026-02-19 16:24:16.541494,24.7,66.7,34.6,1.2
2026-02-19 16:24:19.544852,25.2,62.2,34.4,3.01
2026-02-19 16:24:22.547845,25.8,51.3,32.3,0.75
2026-02-19 16:24:25.552426,24.7,69.1,59.3,1.68
2026-02-19 16:24:28.556067,23.6,65.4,33.2,1.98
2026-02-19 16:24:31.559095,24.4,60.7,32.6,0.87
2026-02-19 16:24:34.563032,25.1,53.3,47.8,1.38
2026-02-19 16:24:37.567134,23.5,67.7,45.0,1.83
2026-02-19 16:24:40.570301,23.9,57.1,44.8,3.83
2026-02-19 16:24:43.573723,24.2,57.7,54.3,2.78
2026-02-19 16:24:46.576741,25.2,58.8,40.4,2.62
2026-02-19 16:24:49.580594,24.2,56.3,37.5,1.42
2026-02-19 16:24:52.584650,26.0,59.0,49.1,2.43
2026-02-19 16:24:55.587904,23.1,65.6,32.2,0.8
2026-02-19 16:24:58.591965,24.4,58.4,51.5,4.55
2026-02-19 16:25:01.596573,25.9,51.2,35.0,0.71
2026-02-19 16:25:04.600824,23.2,62.2,42.7,3.49
2026-02-19 16:25:07.605501,24.7,63.7,34.4,1.9
2026-02-19 16:25:10.609082,25.8,51.0,41.4,1.41
2026-02-19 16:25:13.612372,25.9,60.2,53.4,3.17
2026-02-19 16:25:16.617285,24.6,65.1,45.7,3.82
2026-02-19 16:25:19.620337,23.1,58.2,46.9,2.5
2026-02-19 16:25:22.624356,25.3,69.9,57.0,4.96
2026-02-19 16:25:25.627544,23.3,66.0,48.4,2.75
2026-02-19 16:25:28.631391,24.4,52.6,58.1,4.39
2026-02-19 16:25:31.636580,26.3,58.9,38.9,4.42
2026-02-19 16:25:34.640781,24.1,52.6,58.2,0.54
2026-02-19 16:25:37.644472,24.7,65.3,32.9,4.7
2026-02-19 16:25:40.647760,24.7,64.8,44.5,1.52
2026-02-19 16:25:43.651551,26.7,68.5,50.9,4.97
2026-02-19 16:25:46.656197,23.8,62.1,37.9,4.57
2026-02-19 16:25:49.659809,25.6,61.3,54.5,3.19
2026-02-19 16:25:52.663727,25.9,55.6,46.5,1.41
2026-02-19 16:25:55.667452,24.5,58.7,36.9,3.17
2026-02-19 16:25:58.670449,25.2,51.2,37.5,2.5
2026-02-19 16:26:01.674139,24.6,56.0,44.7,4.04
2026-02-19 16:26:04.677622,25.5,56.4,30.7,1.46
2026-02-19 16:26:07.682154,24.2,59.7,51.5,4.38
2026-02-19 16:26:10.685947,24.9,52.4,30.6,2.2
2026-02-19 16:26:13.688983,24.8,58.9,49.5,4.92
2026-02-19 16:26:16.693452,25.2,68.3,54.5,3.83
2026-02-19 16:26:19.697420,23.2,64.5,45.1,4.22
2026-02-19 16:26:22.701668,23.1,68.2,31.9,0.85
2026-02-19 16:26:25.705575,26.7,60.0,53.9,0.56
2026-02-19 16:26:28.709968,24.4,53.1,50.4,1.89
2026-02-19 16:26:31.712963,23.3,52.0,47.2,4.34
2026-02-19 16:26:34.717279,25.4,64.0,32.3,1.51
2026-02-19 16:26:37.721248,25.5,51.2,48.7,1.66
2026-02-19 16:26:40.725191,26.1,61.3,51.0,1.6
2026-02-19 16:26:43.728558,23.9,52.8,31.9,4.18
2026-02-19 16:26:46.731544,23.7,62.8,45.0,2.66
2026-02-19 16:26:49.735012,24.4,67.0,59.4,3.31
2026-02-19 16:26:52.737989,25.2,56.6,49.1,2.9
2026-02-19 16:26:55.741562,26.4,69.1,57.5,3.4
2026-02-19 16:26:58.745589,26.7,53.5,31.8,2.02
2026-02-19 16:27:01.749891,24.3,52.4,40.1,2.83
2026-02-19 16:27:04.753064,25.2,66.3,55.3,4.06
2026-02-19 16:27:07.755985,25.7,64.5,31.5,3.46
2026-02-19 16:27:10.760074,24.0,64.7,47.5,4.84
2026-02-19 16:27:13.763006,25.8,69.9,35.9,2.01
2026-02-19 16:27:16.767045,26.8,61.7,50.9,3.53
2026-02-19 16:27:19.772183,23.4,51.0,40.4,2.03
2026-02-19 16:27:22.776502,26.0,63.4,54.0,4.05
2026-02-19 16:27:25.780152,26.7,53.5,41.9,4.52
2026-02-19 16:27:28.783676,24.5,58.3,36.8,4.57
2026-02-19 16:27:31.786816,23.5,60.9,58.2,3.83
2026-02-19 16:27:34.790544,26.0,63.6,40.9,2.58
2026-02-19 16:27:37.793449,26.5,63.8,40.0,1.32
2026-02-19 16:27:40.796975,26.3,51.7,58.6,1.42
2026-02-19 16:27:43.799803,23.9,66.1,49.6,4.18
2026-02-19 16:27:46.804662,25.7,57.8,46.0,4.58
2026-02-19 16:27:49.807790,26.0,58.5,52.6,3.0
2026-02-19 16:27:52.811218,26.0,61.9,49.7,1.5
2026-02-19 16:27:55.815360,25.7,54.3,42.9,4.07
2026-02-19 16:27:58.819368,23.7,68.9,40.7,3.6
2026-02-19 16:28:01.822345,23.3,57.5,50.9,4.52
2026-02-19 16:28:04.826846,25.3,67.7,30.2,0.88
2026-02-19 16:28:07.831083,24.0,64.2,59.8,3.65
2026-02-19 16:28:10.834720,25.5,51.2,30.2,1.29
2026-02-19 16:28:13.838254,24.1,54.5,43.6,2.24
2026-02-19 16:28:16.841656,25.1,50.1,48.0,4.42
2026-02-19 16:28:19.844739,24.8,65.9,50.1,3.29
2026-02-19 16:28:22.847780,24.2,66.7,38.7,4.61
2026-02-19 16:28:25.851113,23.7,61.7,50.2,2.16
2026-02-19 16:28:28.854545,26.3,62.4,58.1,1.13
2026-02-19 16:28:31.857873,26.8,51.1,34.3,3.62
2026-02-19 16:28:34.861117,24.1,57.3,40.0,2.54
2026-02-19 16:28:37.866959,23.7,59.1,51.5,1.37
2026-02-19 16:28:40.870448,23.2,55.4,40.5,2.46
2026-02-19 16:28:43.873649,24.4,69.2,48.0,2.03
2026-02-19 16:28:46.877448,26.7,68.6,56.3,0.97
2026-02-19 16:28:49.880569,25.5,63.4,31.0,4.68
2026-02-19 16:28:52.884173,24.5,66.3,58.4,0.86
2026-02-19 16:28:55.887958,26.4,65.2,50.5,2.59
2026-02-19 16:28:58.891929,23.2,61.4,56.8,2.92
2026-02-19 16:29:01.896286,26.7,66.7,51.1,2.01
2026-02-19 16:29:04.900014,26.7,68.7,34.7,1.68
2026-02-19 16:29:07.903421,23.3,68.7,38.5,0.52
2026-02-19 16:29:10.907090,26.4,52.9,52.4,3.58
2026-02-19 16:29:13.909520,23.6,63.2,43.7,0.86
2026-02-19 16:29:16.913223,24.0,56.1,43.9,4.03
2026-02-19 16:29:19.916445,24.4,65.1,42.2,3.95
2026-02-19 16:29:22.919845,26.0,69.6,47.4,2.78
2026-02-19 16:29:25.923153,24.5,51.8,44.5,4.66
2026-02-19 16:29:28.927237,23.9,62.9,44.6,3.85
2026-02-19 16:29:31.930344,24.7,52.4,55.9,4.61
2026-02-19 16:29:34.933457,25.6,64.2,44.6,3.18
2026-02-19 16:29:37.937249,26.6,52.9,55.2,4.39
2026-02-19 16:29:40.940131,26.4,62.9,35.6,1.77
2026-02-19 16:29:43.944207,24.5,64.4,34.1,2.5
2026-02-19 16:29:46.947409,24.9,63.0,43.5,2.58
2026-02-19 16:29:49.951258,23.7,51.9,34.3,2.89
2026-02-19 16:29:52.955931,25.9,56.3,37.8,2.34
2026-02-19 16:29:55.959459,24.9,51.2,41.1,2.9
2026-02-19 16:29:58.964298,26.5,64.4,33.1,0.76
2026-02-19 16:30:01.968196,26.2,63.1,39.2,0.67
2026-02-19 16:30:04.971477,23.1,51.6,39.3,4.64
2026-02-19 16:30:07.975799,26.4,54.1,34.3,2.14
2026-02-19 16:30:10.979497,26.9,60.9,32.3,1.36
2026-02-19 16:30:13.982876,23.1,59.3,40.1,4.16
2026-02-19 16:30:16.985937,24.8,63.5,53.3,4.17
2026-02-19 16:30:19.989508,26.0,51.4,51.6,4.77
2026-02-19 16:30:22.992959,26.0,68.1,60.0,4.26
2026-02-19 16:30:25.997136,26.6,64.8,38.5,1.53
2026-02-19 16:30:29.002074,26.9,61.6,36.7,2.1
2026-02-19 16:30:32.006076,25.7,56.9,40.9,1.14
2026-02-19 16:30:35.010457,25.6,68.8,56.5,1.48
2026-02-19 16:30:38.013415,26.0,62.0,31.7,3.15
2026-02-19 16:30:41.016995,26.3,69.2,37.4,4.24
2026-02-19 16:30:44.021405,25.1,69.5,41.8,2.38
2026-02-19 16:30:47.025962,23.5,52.9,40.5,0.79
2026-02-19 16:30:50.030152,25.1,54.5,52.8,3.94
2026-02-19 16:30:53.034614,24.0,65.1,53.0,4.1
2026-02-19 16:30:56.037995,23.2,68.8,40.1,4.49
2026-02-19 16:30:59.042590,25.3,57.8,47.5,4.22
2026-02-19 16:31:02.046658,23.8,66.3,60.0,1.09
2026-02-19 16:31:05.049830,24.1,66.0,52.1,1.33
2026-02-19 16:31:08.052991,26.0,56.0,38.3,3.99
2026-02-19 16:31:11.057138,23.3,55.8,50.2,4.23
2026-02-19 16:31:14.061585,25.0,61.6,59.1,3.97
2026-02-19 16:31:17.066479,23.6,60.6,37.4,2.26
2026-02-19 16:31:20.072158,26.3,61.4,43.5,3.93
2026-02-19 16:31:23.077826,24.9,69.5,32.0,0.86
2026-02-19 16:31:26.084491,26.3,58.9,56.3,4.51
2026-02-19 16:31:29.089189,24.4,56.0,48.2,1.07
2026-02-19 16:31:32.092916,23.9,67.5,44.0,2.45
2026-02-19 16:39:24.340148,25.0,52.3,30.6,4.79
2026-02-19 16:39:27.377192,24.3,66.0,57.6,1.75
2026-02-19 16:39:53.203708,25.3,62.9,34.5,3.29
2026-02-19 16:39:56.575314,23.8,53.5,50.5,4.57
2026-02-19 17:13:16.217635,25.8,63.2,58.6,3.99
2026-02-19 17:13:19.651802,26.6,51.6,40.7,4.92
2026-02-19 17:13:22.655478,24.0,57.6,36.1,3.48
2026-02-19 17:13:25.659216,23.6,56.3,38.4,3.27
2026-02-19 17:13:28.662447,25.4,55.0,37.5,2.63
2026-02-19 17:13:31.666623,24.8,57.6,58.9,1.01
2026-02-19 17:13:34.669542,24.6,56.1,57.3,1.53
2026-02-19 17:13:37.673880,24.1,57.8,32.6,1.23
2026-02-19 17:13:40.677585,25.5,60.3,43.1,4.5
2026-02-19 17:13:43.681339,27.0,55.5,54.3,3.57
2026-02-19 17:13:46.685070,25.3,62.9,50.6,3.13
2026-02-19 17:13:49.688518,24.3,69.5,33.2,3.92
2026-02-19 17:13:52.692242,25.7,50.1,57.1,3.76
2026-02-19 17:13:55.695602,25.9,64.1,43.6,4.44
2026-02-19 17:13:58.698673,23.5,68.5,47.2,2.52
2026-02-19 17:14:01.702357,24.3,67.7,46.9,3.22
2026-02-19 17:14:04.706204,24.2,58.8,42.0,0.54
2026-02-19 17:14:07.709789,23.1,64.5,38.3,3.41
2026-02-19 17:14:10.714051,26.2,68.0,57.4,4.11
2026-02-19 17:14:13.717170,24.8,65.0,54.1,2.8
2026-02-19 17:14:16.720322,24.0,55.2,40.5,4.24
2026-02-19 17:14:19.724150,23.5,54.6,36.2,3.72
2026-02-19 17:14:22.728028,23.8,64.3,57.8,0.55
2026-02-19 17:14:25.731349,23.3,54.6,30.6,2.49
2026-02-19 17:14:28.734706,23.5,51.8,45.6,4.48
2026-02-19 17:14:31.738201,26.5,66.1,58.6,4.24
2026-02-19 17:14:34.744246,23.7,58.0,34.4,3.51
2026-02-19 17:14:37.747271,24.9,52.4,49.8,1.77
2026-02-19 17:14:40.750056,26.6,62.3,58.3,0.57
2026-02-19 17:14:43.754220,24.9,59.0,34.4,4.41
2026-02-19 17:14:46.757532,25.9,62.6,55.6,0.7
2026-02-19 17:14:49.761654,23.5,52.2,41.2,0.86
2026-02-19 17:14:52.765096,25.8,56.0,59.6,1.19
2026-02-19 17:14:55.768250,23.3,60.2,40.4,1.02
2026-02-19 17:14:58.772224,25.4,62.6,47.2,2.76
2026-02-19 17:15:01.775148,26.5,69.7,32.6,3.77
2026-02-19 17:15:04.779348,25.4,63.8,55.0,0.64
2026-02-19 17:15:07.782974,26.0,63.1,35.2,3.24
2026-02-19 17:15:10.788397,26.8,56.4,47.9,1.7
2026-02-19 17:15:13.791636,26.2,55.8,52.3,2.66
2026-02-19 17:15:16.795684,26.9,68.7,55.6,3.86
2026-02-19 17:15:19.798832,24.7,51.2,57.5,1.05
2026-02-19 17:15:22.802541,26.7,51.6,60.0,4.83
2026-02-19 17:15:25.805869,23.5,61.0,51.6,4.29
2026-02-19 17:15:28.808908,23.7,60.7,59.1,3.89
2026-02-19 17:15:31.811800,24.0,68.5,39.7,4.62
2026-02-19 17:15:34.815273,24.6,66.4,46.1,4.68
2026-02-19 17:15:37.818797,24.7,52.8,34.1,2.39
2026-02-19 17:15:40.821767,26.9,57.7,34.1,3.46
2026-02-19 17:15:43.825361,26.9,65.6,56.1,2.05
2026-02-19 17:15:46.829371,27.0,65.2,56.1,1.4
2026-02-19 17:15:49.833067,25.2,54.4,44.6,1.93
2026-02-19 17:15:52.837710,23.3,64.8,37.3,1.82
2026-02-19 17:15:55.841651,26.7,54.4,47.3,3.08
2026-02-19 17:15:58.845168,23.3,68.0,49.0,1.74
2026-02-19 17:16:01.851756,24.9,50.6,46.3,2.88
2026-02-19 17:16:04.858164,24.3,65.0,38.5,1.37
2026-02-19 17:16:07.862052,24.3,51.6,31.6,3.96
2026-02-19 17:16:10.864839,25.3,52.5,46.3,2.54
2026-02-19 17:16:13.869082,24.4,68.6,52.3,4.59
2026-02-19 17:16:16.871723,26.4,52.9,40.5,2.78
2026-02-19 17:16:19.876236,23.8,50.6,48.0,2.24
2026-02-19 17:16:22.879220,23.2,55.9,43.3,3.06
2026-02-19 17:16:25.882855,26.9,69.1,42.7,2.4
2026-02-19 17:16:28.885854,26.2,55.5,51.0,1.22
2026-02-19 17:16:31.889294,23.7,53.6,33.8,0.73
2026-02-19 17:16:34.892068,23.6,54.0,34.3,1.19
2026-02-19 17:16:37.895971,24.6,60.6,42.2,2.4
2026-02-19 17:16:40.899890,25.6,63.4,44.4,3.68
2026-02-19 17:16:43.903604,23.3,64.7,43.4,4.87
2026-02-19 17:16:46.906955,23.1,57.2,50.0,0.74
2026-02-19 17:16:49.910764,24.4,58.4,55.2,4.35
2026-02-19 17:16:52.914511,24.9,59.6,53.3,2.24
2026-02-19 17:16:55.918097,23.7,59.7,56.0,4.05
2026-02-19 17:16:58.922114,26.4,64.4,35.7,0.68
2026-02-19 17:17:01.926047,25.7,62.9,33.2,1.09
2026-02-19 17:17:04.930657,24.7,64.7,54.9,4.54
2026-02-19 17:17:07.934586,25.1,50.9,59.6,4.64
2026-02-19 17:17:10.938299,24.0,52.6,38.5,3.93
2026-02-19 17:17:13.941784,26.9,64.0,34.9,3.56
2026-02-19 17:17:16.945665,26.3,53.2,39.7,1.86
2026-02-19 17:17:19.949055,24.9,67.6,47.0,4.05
2026-02-19 17:17:22.953724,23.2,50.6,59.0,1.54
2026-02-19 17:17:25.957958,24.5,52.7,40.7,1.59
2026-02-19 17:17:28.961219,23.8,54.1,49.4,1.19
2026-02-19 17:17:31.964604,23.7,63.8,41.4,3.37
2026-02-19 17:17:34.968549,25.1,60.7,50.6,4.61
2026-02-19 17:17:37.972125,25.0,55.0,38.5,4.08
2026-02-19 17:17:40.975575,23.3,69.6,37.0,1.97
2026-02-19 17:17:43.978855,24.3,61.6,40.8,1.86
2026-02-19 17:17:46.981573,23.0,67.9,41.6,0.51
2026-02-19 17:17:49.985114,25.2,55.5,50.6,2.67
2026-02-19 17:17:52.989057,27.0,67.8,36.1,4.35
2026-02-19 17:17:55.992142,24.2,61.4,59.2,2.69
2026-02-19 17:17:58.995846,24.7,58.1,56.0,3.51
2026-02-19 17:18:02.000791,25.9,67.7,39.8,2.13
2026-02-19 17:18:05.004638,25.4,58.2,51.2,2.33
2026-02-19 17:18:08.008100,26.4,67.6,46.5,2.99
2026-02-19 17:18:11.010887,24.7,67.2,34.3,1.31
2026-02-19 17:18:14.014777,24.7,65.9,44.8,1.49
2026-02-19 17:18:17.017932,26.3,68.0,50.6,4.2
2026-02-19 17:18:20.020906,24.4,58.8,34.4,2.09
2026-02-19 17:18:23.024288,24.3,69.3,51.5,0.54
2026-02-19 17:18:26.027377,26.8,69.0,59.2,2.09
2026-02-19 17:18:29.031202,25.5,52.5,54.1,4.89
2026-02-19 17:18:32.034724,24.5,68.3,41.4,1.34
2026-02-19 17:18:35.037752,23.6,50.8,51.5,0.9
2026-02-19 17:18:38.040907,24.0,59.3,35.4,3.42
2026-02-19 17:18:41.044613,25.2,56.9,48.8,2.13
2026-02-19 17:18:44.047838,26.5,51.7,34.4,1.21
2026-02-19 17:18:47.051492,23.9,51.3,51.8,3.8
2026-02-19 17:18:50.055201,25.3,53.6,30.4,2.34
2026-02-19 17:18:53.059626,24.8,60.9,39.7,1.24
2026-02-19 17:18:56.063723,25.2,67.7,52.5,4.43
2026-02-19 17:18:59.067482,26.4,66.7,38.5,4.99
2026-02-19 17:19:02.070930,24.8,68.5,59.7,4.43
2026-02-19 17:19:05.074125,23.3,51.9,55.5,0.92
2026-02-19 17:19:08.078544,26.3,51.0,42.2,2.45
2026-02-19 17:19:11.081993,26.5,50.1,59.2,2.52
2026-02-19 17:19:14.085210,26.1,69.3,55.5,1.43
2026-02-19 17:19:17.088112,23.9,60.4,37.8,1.04
2026-02-19 17:19:20.091483,24.9,55.4,42.5,2.48
2026-02-19 17:19:23.094206,26.1,66.4,30.8,1.2
2026-02-19 17:19:26.097458,26.9,66.9,59.5,4.24
2026-02-19 17:19:29.099857,26.1,68.2,44.2,0.68
2026-02-19 17:19:32.104292,24.7,62.1,41.8,4.92
2026-02-19 17:19:35.107,26.8,65.4,52.0,4.0
2026-02-19 17:19:38.110628,26.9,54.8,57.6,4.53
2026-02-19 17:19:41.114071,24.7,59.6,51.6,1.65
2026-02-19 17:19:44.118137,23.6,68.1,45.4,4.04
2026-02-19 17:19:47.121722,25.5,68.3,47.1,2.03
2026-02-19 17:19:50.125333,26.8,62.4,59.3,1.4
2026-02-19 17:19:53.129198,25.1,59.6,47.1,4.16
2026-02-19 17:19:56.132432,25.8,61.3,55.2,4.11
2026-02-19 17:19:59.136857,24.5,59.5,41.0,3.36
2026-02-19 17:20:02.140219,24.3,52.0,40.5,3.21
2026-02-19 17:20:05.144023,23.0,52.5,38.1,2.8
2026-02-19 17:20:08.148303,26.0,68.8,49.3,1.12
2026-02-19 17:20:11.151474,23.3,54.3,51.1,4.14
2026-02-19 17:20:14.155037,24.6,62.6,36.2,0.99
2026-02-19 17:20:17.159193,24.3,58.9,32.0,0.98
2026-02-19 17:20:20.164464,25.7,69.2,53.9,2.85
2026-02-19 17:20:23.168988,26.4,58.1,33.1,3.87
2026-02-19 17:20:26.172421,25.7,51.9,54.2,2.69
2026-02-19 17:20:29.176001,25.9,62.6,51.3,4.4
2026-02-19 17:20:32.179452,23.7,62.2,49.6,0.58
2026-02-19 17:20:35.183740,25.6,55.8,35.8,4.78
2026-02-19 17:20:38.187365,24.1,55.3,40.3,2.04
2026-02-19 17:20:41.191506,23.1,51.1,56.9,2.78
2026-02-19 17:20:44.195438,23.2,66.3,36.1,4.29
2026-02-19 17:20:47.198706,25.9,50.6,40.2,2.8
2026-02-19 17:20:50.202714,23.1,58.4,36.0,4.42
2026-02-19 17:20:53.207549,26.4,53.2,46.2,4.67
2026-02-19 17:20:56.211618,24.0,64.3,31.8,0.88
2026-02-19 17:20:59.216150,23.7,53.3,40.2,4.88
2026-02-19 17:21:02.220354,23.2,58.3,51.5,0.69
2026-02-19 17:21:05.223825,23.2,64.1,33.9,3.8
2026-02-19 17:21:08.228390,25.4,54.7,33.7,4.31
2026-02-19 17:21:11.232115,25.8,63.6,47.3,3.54
2026-02-19 17:21:14.236419,26.0,56.2,41.2,1.01
2026-02-19 17:21:17.239209,26.3,65.6,47.7,0.85
2026-02-19 17:21:20.243027,23.9,67.0,37.0,3.72
2026-02-19 17:21:23.246342,25.4,59.8,43.0,3.84
2026-02-19 17:21:26.250359,25.5,57.2,47.5,2.84
2026-02-19 17:21:29.253994,25.1,68.2,41.5,2.33
2026-02-19 17:21:32.257490,25.0,69.2,53.4,1.96
2026-02-19 17:21:35.261107,24.1,67.0,38.0,1.97
2026-02-19 17:21:38.264671,26.1,61.9,45.9,4.92
2026-02-19 17:21:41.267915,25.7,59.1,35.6,4.19
2026-02-19 17:21:44.271425,24.8,60.9,49.0,2.81
2026-02-19 17:21:47.274605,25.3,58.7,47.8,4.27
2026-02-19 17:21:50.277213,26.7,59.3,40.7,2.34
2026-02-19 17:21:53.280988,26.4,58.2,37.1,1.57
2026-02-19 17:21:56.284157,26.5,67.5,31.9,1.18
2026-02-19 17:21:59.287458,26.6,58.7,48.5,3.26
2026-02-19 17:22:02.291383,27.0,50.4,30.4,2.17
2026-02-19 17:22:05.294749,23.5,68.6,47.7,3.24
2026-02-19 17:22:08.299681,26.3,68.4,47.2,4.04
2026-02-19 17:22:11.304116,23.3,54.5,33.5,1.68
2026-02-19 17:22:14.308385,26.3,53.8,32.8,0.81
2026-02-19 17:22:17.311810,25.9,58.9,50.4,0.93
2026-02-19 17:22:20.315103,23.8,59.8,30.4,3.45
2026-02-19 17:22:23.318605,24.3,55.8,40.6,2.42
2026-02-19 17:22:26.322546,23.2,60.7,58.5,3.14
2026-02-19 17:22:29.326023,24.5,60.5,40.4,3.09
2026-02-19 17:22:32.329687,25.2,54.2,57.5,0.87
2026-02-19 17:22:35.333495,26.9,67.1,54.6,3.94
2026-02-19 17:22:38.337387,24.6,64.7,59.9,0.52
2026-02-19 17:22:41.340560,25.4,65.7,48.1,3.31
2026-02-19 17:22:44.344130,25.2,67.4,42.9,4.24
2026-02-19 17:22:47.346962,24.6,58.0,49.9,4.49
2026-02-19 17:22:50.351196,25.8,50.1,33.4,0.57
2026-02-19 17:22:53.354255,23.5,51.1,33.7,2.86
2026-02-19 17:22:56.357560,26.7,60.0,30.6,1.6
2026-02-19 17:22:59.361377,25.3,65.5,58.3,3.6
2026-02-19 17:23:02.364165,25.5,55.1,57.9,0.79
2026-02-19 17:23:05.366838,26.4,60.8,58.8,4.77
2026-02-19 17:23:08.369919,24.6,69.8,56.5,4.55
2026-02-19 17:23:11.373598,26.9,51.4,50.9,3.69
2026-02-19 17:23:14.377253,26.9,69.0,56.1,3.61
2026-02-19 17:23:17.380586,25.9,53.6,46.2,4.45
2026-02-19 17:23:20.384279,23.6,58.0,58.3,0.54
2026-02-19 17:23:23.386828,26.7,54.9,53.6,3.78
2026-02-19 17:23:26.390471,24.0,56.5,46.2,1.7
2026-02-19 17:23:29.396270,25.2,52.0,59.6,3.99
2026-02-19 17:23:32.400690,26.5,59.7,33.9,4.67
2026-02-19 17:23:35.405093,26.2,68.4,57.3,4.01
2026-02-19 17:23:38.408867,24.8,60.8,34.2,0.93
2026-02-19 17:23:41.412024,23.8,56.5,32.8,2.32
2026-02-19 17:23:44.415101,23.7,57.3,41.4,1.65
2026-02-19 17:23:47.418751,24.5,55.3,52.3,1.2
2026-02-19 17:23:50.421431,24.1,67.4,54.0,3.64
2026-02-19 17:23:53.424794,25.6,55.1,33.2,0.84
2026-02-19 17:23:56.427876,26.1,53.8,41.4,1.38
2026-02-19 17:23:59.430706,26.5,68.2,45.1,2.71
2026-02-19 17:24:02.433879,26.5,60.7,31.1,0.58
2026-02-19 17:24:05.437060,25.3,63.4,53.2,1.17
2026-02-19 17:24:08.440408,26.4,58.3,34.0,2.07
2026-02-19 17:24:11.443995,23.7,69.4,54.4,1.11
2026-02-19 17:24:14.447215,26.7,65.1,58.7,4.85
2026-02-19 17:24:17.450580,25.0,53.5,58.5,1.43
2026-02-19 17:24:20.454753,24.6,55.9,54.5,2.55
2026-02-19 17:24:23.458801,23.7,57.9,30.2,4.61
